Exercise,Start RM,Best RM,Δ RM,Date,Block,Name
Beinpresse am Gerät 1 Bein,74.1,120.0,45.9,10.07.2026,1,Clean Bulk 2026
Kreuzheben Langhantel,64.8,75.0,10.2,10.07.2026,1,Clean Bulk 2026
Latziehen am Turm 1 Arm,31.0,36.0,5.0,05.07.2026,1,Clean Bulk 2026
Wadenheben sitzend 1 Bein,24.5,27.0,2.5,10.07.2026,1,Clean Bulk 2026
Flachbankdrücken Langhantel,72.0,74.1,2.1,05.07.2026,1,Clean Bulk 2026
Brustdrücken sitzend Gym90 ein Arm,34.4,36.0,1.6,05.07.2026,1,Clean Bulk 2026
Trizepsdrücken am Gerät 1Arm (sitzend),7.2,8.2,1.0,16.07.2026,1,Clean Bulk 2026
Schulterdrücken KH 1 Bein,13.7,14.4,0.7,16.07.2026,1,Clean Bulk 2026
Bizeps Panatta,20.6,20.8,0.2,16.07.2026,1,Clean Bulk 2026
